state,year,enact_year,n_cases,treated,cohort,rel_time
Alabama,1985,2012,0,FALSE,2012,-27
Alabama,1986,2012,0,FALSE,2012,-26
Alabama,1987,2012,0,FALSE,2012,-25
Alabama,1988,2012,0,FALSE,2012,-24
Alabama,1989,2012,0,FALSE,2012,-23
Alabama,1990,2012,0,FALSE,2012,-22
Alabama,1991,2012,0,FALSE,2012,-21
Alabama,1992,2012,0,FALSE,2012,-20
Alabama,1993,2012,0,FALSE,2012,-19
Alabama,1994,2012,0,FALSE,2012,-18
Alabama,1995,2012,0,FALSE,2012,-17
Alabama,1996,2012,0,FALSE,2012,-16
Alabama,1997,2012,0,FALSE,2012,-15
Alabama,1998,2012,0,FALSE,2012,-14
Alabama,1999,2012,0,FALSE,2012,-13
Alabama,2000,2012,0,FALSE,2012,-12
Alabama,2001,2012,0,FALSE,2012,-11
Alabama,2002,2012,0,FALSE,2012,-10
Alabama,2003,2012,1,FALSE,2012,-9
Alabama,2004,2012,0,FALSE,2012,-8
Alabama,2005,2012,0,FALSE,2012,-7
Alabama,2006,2012,0,FALSE,2012,-6
Alabama,2007,2012,0,FALSE,2012,-5
Alabama,2008,2012,0,FALSE,2012,-4
Alabama,2009,2012,0,FALSE,2012,-3
Alabama,2010,2012,0,FALSE,2012,-2
Alabama,2011,2012,0,FALSE,2012,-1
Alabama,2012,2012,0,TRUE,2012,0
Alabama,2013,2012,0,TRUE,2012,1
Alabama,2014,2012,1,TRUE,2012,2
Alabama,2015,2012,0,TRUE,2012,3
Alabama,2016,2012,0,TRUE,2012,4
Alabama,2017,2012,0,TRUE,2012,5
Alabama,2018,2012,0,TRUE,2012,6
Alabama,2019,2012,0,TRUE,2012,7
Alabama,2020,2012,0,TRUE,2012,8
Alabama,2021,2012,0,TRUE,2012,9
Alabama,2022,2012,0,TRUE,2012,10
Alabama,2023,2012,0,TRUE,2012,11
Alabama,2024,2012,0,TRUE,2012,12
Alabama,2025,2012,0,TRUE,2012,13
Arkansas,1985,2011,0,FALSE,2011,-26
Arkansas,1986,2011,0,FALSE,2011,-25
Arkansas,1987,2011,0,FALSE,2011,-24
Arkansas,1988,2011,0,FALSE,2011,-23
Arkansas,1989,2011,0,FALSE,2011,-22
Arkansas,1990,2011,0,FALSE,2011,-21
Arkansas,1991,2011,0,FALSE,2011,-20
Arkansas,1992,2011,0,FALSE,2011,-19
Arkansas,1993,2011,0,FALSE,2011,-18
Arkansas,1994,2011,0,FALSE,2011,-17
Arkansas,1995,2011,0,FALSE,2011,-16
Arkansas,1996,2011,0,FALSE,2011,-15
Arkansas,1997,2011,0,FALSE,2011,-14
Arkansas,1998,2011,0,FALSE,2011,-13
Arkansas,1999,2011,0,FALSE,2011,-12
Arkansas,2000,2011,0,FALSE,2011,-11
Arkansas,2001,2011,0,FALSE,2011,-10
Arkansas,2002,2011,0,FALSE,2011,-9
Arkansas,2003,2011,0,FALSE,2011,-8
Arkansas,2004,2011,0,FALSE,2011,-7
Arkansas,2005,2011,0,FALSE,2011,-6
Arkansas,2006,2011,0,FALSE,2011,-5
Arkansas,2007,2011,0,FALSE,2011,-4
Arkansas,2008,2011,0,FALSE,2011,-3
Arkansas,2009,2011,0,FALSE,2011,-2
Arkansas,2010,2011,0,FALSE,2011,-1
Arkansas,2011,2011,0,TRUE,2011,0
Arkansas,2012,2011,0,TRUE,2011,1
Arkansas,2013,2011,0,TRUE,2011,2
Arkansas,2014,2011,0,TRUE,2011,3
Arkansas,2015,2011,0,TRUE,2011,4
Arkansas,2016,2011,0,TRUE,2011,5
Arkansas,2017,2011,0,TRUE,2011,6
Arkansas,2018,2011,0,TRUE,2011,7
Arkansas,2019,2011,0,TRUE,2011,8
Arkansas,2020,2011,0,TRUE,2011,9
Arkansas,2021,2011,0,TRUE,2011,10
Arkansas,2022,2011,0,TRUE,2011,11
Arkansas,2023,2011,0,TRUE,2011,12
Arkansas,2024,2011,0,TRUE,2011,13
Arkansas,2025,2011,0,TRUE,2011,14
Colorado,1985,2008,0,FALSE,2008,-23
Colorado,1986,2008,0,FALSE,2008,-22
Colorado,1987,2008,0,FALSE,2008,-21
Colorado,1988,2008,0,FALSE,2008,-20
Colorado,1989,2008,0,FALSE,2008,-19
Colorado,1990,2008,0,FALSE,2008,-18
Colorado,1991,2008,0,FALSE,2008,-17
Colorado,1992,2008,0,FALSE,2008,-16
Colorado,1993,2008,0,FALSE,2008,-15
Colorado,1994,2008,0,FALSE,2008,-14
Colorado,1995,2008,0,FALSE,2008,-13
Colorado,1996,2008,0,FALSE,2008,-12
Colorado,1997,2008,0,FALSE,2008,-11
Colorado,1998,2008,0,FALSE,2008,-10
Colorado,1999,2008,0,FALSE,2008,-9
Colorado,2000,2008,0,FALSE,2008,-8
Colorado,2001,2008,1,FALSE,2008,-7
Colorado,2002,2008,0,FALSE,2008,-6
Colorado,2003,2008,0,FALSE,2008,-5
Colorado,2004,2008,0,FALSE,2008,-4
Colorado,2005,2008,0,FALSE,2008,-3
Colorado,2006,2008,0,FALSE,2008,-2
Colorado,2007,2008,1,FALSE,2008,-1
Colorado,2008,2008,0,TRUE,2008,0
Colorado,2009,2008,0,TRUE,2008,1
Colorado,2010,2008,0,TRUE,2008,2
Colorado,2011,2008,0,TRUE,2008,3
Colorado,2012,2008,0,TRUE,2008,4
Colorado,2013,2008,0,TRUE,2008,5
Colorado,2014,2008,0,TRUE,2008,6
Colorado,2015,2008,0,TRUE,2008,7
Colorado,2016,2008,0,TRUE,2008,8
Colorado,2017,2008,0,TRUE,2008,9
Colorado,2018,2008,0,TRUE,2008,10
Colorado,2019,2008,0,TRUE,2008,11
Colorado,2020,2008,0,TRUE,2008,12
Colorado,2021,2008,0,TRUE,2008,13
Colorado,2022,2008,0,TRUE,2008,14
Colorado,2023,2008,0,TRUE,2008,15
Colorado,2024,2008,0,TRUE,2008,16
Colorado,2025,2008,0,TRUE,2008,17
Florida,1985,2013,0,FALSE,2013,-28
Florida,1986,2013,0,FALSE,2013,-27
Florida,1987,2013,0,FALSE,2013,-26
Florida,1988,2013,0,FALSE,2013,-25
Florida,1989,2013,0,FALSE,2013,-24
Florida,1990,2013,0,FALSE,2013,-23
Florida,1991,2013,0,FALSE,2013,-22
Florida,1992,2013,0,FALSE,2013,-21
Florida,1993,2013,0,FALSE,2013,-20
Florida,1994,2013,0,FALSE,2013,-19
Florida,1995,2013,0,FALSE,2013,-18
Florida,1996,2013,0,FALSE,2013,-17
Florida,1997,2013,0,FALSE,2013,-16
Florida,1998,2013,0,FALSE,2013,-15
Florida,1999,2013,0,FALSE,2013,-14
Florida,2000,2013,0,FALSE,2013,-13
Florida,2001,2013,0,FALSE,2013,-12
Florida,2002,2013,0,FALSE,2013,-11
Florida,2003,2013,0,FALSE,2013,-10
Florida,2004,2013,0,FALSE,2013,-9
Florida,2005,2013,0,FALSE,2013,-8
Florida,2006,2013,0,FALSE,2013,-7
Florida,2007,2013,0,FALSE,2013,-6
Florida,2008,2013,0,FALSE,2013,-5
Florida,2009,2013,0,FALSE,2013,-4
Florida,2010,2013,0,FALSE,2013,-3
Florida,2011,2013,0,FALSE,2013,-2
Florida,2012,2013,0,FALSE,2013,-1
Florida,2013,2013,0,TRUE,2013,0
Florida,2014,2013,0,TRUE,2013,1
Florida,2015,2013,0,TRUE,2013,2
Florida,2016,2013,0,TRUE,2013,3
Florida,2017,2013,0,TRUE,2013,4
Florida,2018,2013,0,TRUE,2013,5
Florida,2019,2013,0,TRUE,2013,6
Florida,2020,2013,0,TRUE,2013,7
Florida,2021,2013,0,TRUE,2013,8
Florida,2022,2013,0,TRUE,2013,9
Florida,2023,2013,0,TRUE,2013,10
Florida,2024,2013,0,TRUE,2013,11
Florida,2025,2013,0,TRUE,2013,12
Georgia,1985,2008,0,FALSE,2008,-23
Georgia,1986,2008,0,FALSE,2008,-22
Georgia,1987,2008,0,FALSE,2008,-21
Georgia,1988,2008,0,FALSE,2008,-20
Georgia,1989,2008,0,FALSE,2008,-19
Georgia,1990,2008,1,FALSE,2008,-18
Georgia,1991,2008,0,FALSE,2008,-17
Georgia,1992,2008,0,FALSE,2008,-16
Georgia,1993,2008,0,FALSE,2008,-15
Georgia,1994,2008,0,FALSE,2008,-14
Georgia,1995,2008,0,FALSE,2008,-13
Georgia,1996,2008,1,FALSE,2008,-12
Georgia,1997,2008,1,FALSE,2008,-11
Georgia,1998,2008,0,FALSE,2008,-10
Georgia,1999,2008,0,FALSE,2008,-9
Georgia,2000,2008,0,FALSE,2008,-8
Georgia,2001,2008,0,FALSE,2008,-7
Georgia,2002,2008,0,FALSE,2008,-6
Georgia,2003,2008,0,FALSE,2008,-5
Georgia,2004,2008,0,FALSE,2008,-4
Georgia,2005,2008,0,FALSE,2008,-3
Georgia,2006,2008,1,FALSE,2008,-2
Georgia,2007,2008,0,FALSE,2008,-1
Georgia,2008,2008,0,TRUE,2008,0
Georgia,2009,2008,0,TRUE,2008,1
Georgia,2010,2008,0,TRUE,2008,2
Georgia,2011,2008,0,TRUE,2008,3
Georgia,2012,2008,1,TRUE,2008,4
Georgia,2013,2008,0,TRUE,2008,5
Georgia,2014,2008,0,TRUE,2008,6
Georgia,2015,2008,0,TRUE,2008,7
Georgia,2016,2008,1,TRUE,2008,8
Georgia,2017,2008,0,TRUE,2008,9
Georgia,2018,2008,0,TRUE,2008,10
Georgia,2019,2008,0,TRUE,2008,11
Georgia,2020,2008,0,TRUE,2008,12
Georgia,2021,2008,0,TRUE,2008,13
Georgia,2022,2008,0,TRUE,2008,14
Georgia,2023,2008,0,TRUE,2008,15
Georgia,2024,2008,0,TRUE,2008,16
Georgia,2025,2008,0,TRUE,2008,17
Hawaii,1985,2006,0,FALSE,2006,-21
Hawaii,1986,2006,0,FALSE,2006,-20
Hawaii,1987,2006,0,FALSE,2006,-19
Hawaii,1988,2006,0,FALSE,2006,-18
Hawaii,1989,2006,0,FALSE,2006,-17
Hawaii,1990,2006,0,FALSE,2006,-16
Hawaii,1991,2006,0,FALSE,2006,-15
Hawaii,1992,2006,0,FALSE,2006,-14
Hawaii,1993,2006,0,FALSE,2006,-13
Hawaii,1994,2006,0,FALSE,2006,-12
Hawaii,1995,2006,0,FALSE,2006,-11
Hawaii,1996,2006,0,FALSE,2006,-10
Hawaii,1997,2006,0,FALSE,2006,-9
Hawaii,1998,2006,0,FALSE,2006,-8
Hawaii,1999,2006,0,FALSE,2006,-7
Hawaii,2000,2006,0,FALSE,2006,-6
Hawaii,2001,2006,0,FALSE,2006,-5
Hawaii,2002,2006,0,FALSE,2006,-4
Hawaii,2003,2006,0,FALSE,2006,-3
Hawaii,2004,2006,0,FALSE,2006,-2
Hawaii,2005,2006,0,FALSE,2006,-1
Hawaii,2006,2006,0,TRUE,2006,0
Hawaii,2007,2006,0,TRUE,2006,1
Hawaii,2008,2006,0,TRUE,2006,2
Hawaii,2009,2006,0,TRUE,2006,3
Hawaii,2010,2006,0,TRUE,2006,4
Hawaii,2011,2006,0,TRUE,2006,5
Hawaii,2012,2006,0,TRUE,2006,6
Hawaii,2013,2006,0,TRUE,2006,7
Hawaii,2014,2006,0,TRUE,2006,8
Hawaii,2015,2006,0,TRUE,2006,9
Hawaii,2016,2006,0,TRUE,2006,10
Hawaii,2017,2006,0,TRUE,2006,11
Hawaii,2018,2006,0,TRUE,2006,12
Hawaii,2019,2006,0,TRUE,2006,13
Hawaii,2020,2006,0,TRUE,2006,14
Hawaii,2021,2006,0,TRUE,2006,15
Hawaii,2022,2006,0,TRUE,2006,16
Hawaii,2023,2006,0,TRUE,2006,17
Hawaii,2024,2006,0,TRUE,2006,18
Hawaii,2025,2006,0,TRUE,2006,19
Idaho,1985,2014,0,FALSE,2014,-29
Idaho,1986,2014,0,FALSE,2014,-28
Idaho,1987,2014,0,FALSE,2014,-27
Idaho,1988,2014,0,FALSE,2014,-26
Idaho,1989,2014,0,FALSE,2014,-25
Idaho,1990,2014,0,FALSE,2014,-24
Idaho,1991,2014,0,FALSE,2014,-23
Idaho,1992,2014,0,FALSE,2014,-22
Idaho,1993,2014,0,FALSE,2014,-21
Idaho,1994,2014,0,FALSE,2014,-20
Idaho,1995,2014,0,FALSE,2014,-19
Idaho,1996,2014,0,FALSE,2014,-18
Idaho,1997,2014,0,FALSE,2014,-17
Idaho,1998,2014,0,FALSE,2014,-16
Idaho,1999,2014,0,FALSE,2014,-15
Idaho,2000,2014,0,FALSE,2014,-14
Idaho,2001,2014,0,FALSE,2014,-13
Idaho,2002,2014,0,FALSE,2014,-12
Idaho,2003,2014,0,FALSE,2014,-11
Idaho,2004,2014,0,FALSE,2014,-10
Idaho,2005,2014,0,FALSE,2014,-9
Idaho,2006,2014,0,FALSE,2014,-8
Idaho,2007,2014,0,FALSE,2014,-7
Idaho,2008,2014,0,FALSE,2014,-6
Idaho,2009,2014,0,FALSE,2014,-5
Idaho,2010,2014,0,FALSE,2014,-4
Idaho,2011,2014,0,FALSE,2014,-3
Idaho,2012,2014,0,FALSE,2014,-2
Idaho,2013,2014,0,FALSE,2014,-1
Idaho,2014,2014,0,TRUE,2014,0
Idaho,2015,2014,0,TRUE,2014,1
Idaho,2016,2014,0,TRUE,2014,2
Idaho,2017,2014,0,TRUE,2014,3
Idaho,2018,2014,0,TRUE,2014,4
Idaho,2019,2014,0,TRUE,2014,5
Idaho,2020,2014,0,TRUE,2014,6
Idaho,2021,2014,0,TRUE,2014,7
Idaho,2022,2014,0,TRUE,2014,8
Idaho,2023,2014,0,TRUE,2014,9
Idaho,2024,2014,0,TRUE,2014,10
Idaho,2025,2014,0,TRUE,2014,11
Illinois,1985,2006,0,FALSE,2006,-21
Illinois,1986,2006,0,FALSE,2006,-20
Illinois,1987,2006,0,FALSE,2006,-19
Illinois,1988,2006,0,FALSE,2006,-18
Illinois,1989,2006,1,FALSE,2006,-17
Illinois,1990,2006,0,FALSE,2006,-16
Illinois,1991,2006,0,FALSE,2006,-15
Illinois,1992,2006,1,FALSE,2006,-14
Illinois,1993,2006,0,FALSE,2006,-13
Illinois,1994,2006,0,FALSE,2006,-12
Illinois,1995,2006,0,FALSE,2006,-11
Illinois,1996,2006,0,FALSE,2006,-10
Illinois,1997,2006,0,FALSE,2006,-9
Illinois,1998,2006,0,FALSE,2006,-8
Illinois,1999,2006,0,FALSE,2006,-7
Illinois,2000,2006,0,FALSE,2006,-6
Illinois,2001,2006,0,FALSE,2006,-5
Illinois,2002,2006,0,FALSE,2006,-4
Illinois,2003,2006,1,FALSE,2006,-3
Illinois,2004,2006,0,FALSE,2006,-2
Illinois,2005,2006,1,FALSE,2006,-1
Illinois,2006,2006,0,TRUE,2006,0
Illinois,2007,2006,0,TRUE,2006,1
Illinois,2008,2006,0,TRUE,2006,2
Illinois,2009,2006,0,TRUE,2006,3
Illinois,2010,2006,0,TRUE,2006,4
Illinois,2011,2006,0,TRUE,2006,5
Illinois,2012,2006,0,TRUE,2006,6
Illinois,2013,2006,0,TRUE,2006,7
Illinois,2014,2006,0,TRUE,2006,8
Illinois,2015,2006,0,TRUE,2006,9
Illinois,2016,2006,0,TRUE,2006,10
Illinois,2017,2006,0,TRUE,2006,11
Illinois,2018,2006,0,TRUE,2006,12
Illinois,2019,2006,1,TRUE,2006,13
Illinois,2020,2006,0,TRUE,2006,14
Illinois,2021,2006,0,TRUE,2006,15
Illinois,2022,2006,0,TRUE,2006,16
Illinois,2023,2006,0,TRUE,2006,17
Illinois,2024,2006,0,TRUE,2006,18
Illinois,2025,2006,0,TRUE,2006,19
Indiana,1985,2011,0,FALSE,2011,-26
Indiana,1986,2011,0,FALSE,2011,-25
Indiana,1987,2011,0,FALSE,2011,-24
Indiana,1988,2011,0,FALSE,2011,-23
Indiana,1989,2011,0,FALSE,2011,-22
Indiana,1990,2011,0,FALSE,2011,-21
Indiana,1991,2011,1,FALSE,2011,-20
Indiana,1992,2011,0,FALSE,2011,-19
Indiana,1993,2011,0,FALSE,2011,-18
Indiana,1994,2011,0,FALSE,2011,-17
Indiana,1995,2011,0,FALSE,2011,-16
Indiana,1996,2011,0,FALSE,2011,-15
Indiana,1997,2011,0,FALSE,2011,-14
Indiana,1998,2011,0,FALSE,2011,-13
Indiana,1999,2011,0,FALSE,2011,-12
Indiana,2000,2011,0,FALSE,2011,-11
Indiana,2001,2011,0,FALSE,2011,-10
Indiana,2002,2011,0,FALSE,2011,-9
Indiana,2003,2011,0,FALSE,2011,-8
Indiana,2004,2011,0,FALSE,2011,-7
Indiana,2005,2011,0,FALSE,2011,-6
Indiana,2006,2011,0,FALSE,2011,-5
Indiana,2007,2011,0,FALSE,2011,-4
Indiana,2008,2011,0,FALSE,2011,-3
Indiana,2009,2011,0,FALSE,2011,-2
Indiana,2010,2011,0,FALSE,2011,-1
Indiana,2011,2011,0,TRUE,2011,0
Indiana,2012,2011,0,TRUE,2011,1
Indiana,2013,2011,2,TRUE,2011,2
Indiana,2014,2011,0,TRUE,2011,3
Indiana,2015,2011,0,TRUE,2011,4
Indiana,2016,2011,0,TRUE,2011,5
Indiana,2017,2011,0,TRUE,2011,6
Indiana,2018,2011,0,TRUE,2011,7
Indiana,2019,2011,0,TRUE,2011,8
Indiana,2020,2011,0,TRUE,2011,9
Indiana,2021,2011,0,TRUE,2011,10
Indiana,2022,2011,0,TRUE,2011,11
Indiana,2023,2011,0,TRUE,2011,12
Indiana,2024,2011,0,TRUE,2011,13
Indiana,2025,2011,0,TRUE,2011,14
Kansas,1985,2004,0,FALSE,2004,-19
Kansas,1986,2004,0,FALSE,2004,-18
Kansas,1987,2004,0,FALSE,2004,-17
Kansas,1988,2004,0,FALSE,2004,-16
Kansas,1989,2004,0,FALSE,2004,-15
Kansas,1990,2004,0,FALSE,2004,-14
Kansas,1991,2004,0,FALSE,2004,-13
Kansas,1992,2004,0,FALSE,2004,-12
Kansas,1993,2004,0,FALSE,2004,-11
Kansas,1994,2004,0,FALSE,2004,-10
Kansas,1995,2004,0,FALSE,2004,-9
Kansas,1996,2004,0,FALSE,2004,-8
Kansas,1997,2004,0,FALSE,2004,-7
Kansas,1998,2004,0,FALSE,2004,-6
Kansas,1999,2004,0,FALSE,2004,-5
Kansas,2000,2004,0,FALSE,2004,-4
Kansas,2001,2004,0,FALSE,2004,-3
Kansas,2002,2004,0,FALSE,2004,-2
Kansas,2003,2004,0,FALSE,2004,-1
Kansas,2004,2004,0,TRUE,2004,0
Kansas,2005,2004,0,TRUE,2004,1
Kansas,2006,2004,0,TRUE,2004,2
Kansas,2007,2004,0,TRUE,2004,3
Kansas,2008,2004,0,TRUE,2004,4
Kansas,2009,2004,0,TRUE,2004,5
Kansas,2010,2004,0,TRUE,2004,6
Kansas,2011,2004,0,TRUE,2004,7
Kansas,2012,2004,0,TRUE,2004,8
Kansas,2013,2004,0,TRUE,2004,9
Kansas,2014,2004,0,TRUE,2004,10
Kansas,2015,2004,0,TRUE,2004,11
Kansas,2016,2004,0,TRUE,2004,12
Kansas,2017,2004,0,TRUE,2004,13
Kansas,2018,2004,0,TRUE,2004,14
Kansas,2019,2004,0,TRUE,2004,15
Kansas,2020,2004,0,TRUE,2004,16
Kansas,2021,2004,0,TRUE,2004,17
Kansas,2022,2004,0,TRUE,2004,18
Kansas,2023,2004,0,TRUE,2004,19
Kansas,2024,2004,0,TRUE,2004,20
Kansas,2025,2004,0,TRUE,2004,21
Kentucky,1985,2012,0,FALSE,2012,-27
Kentucky,1986,2012,0,FALSE,2012,-26
Kentucky,1987,2012,0,FALSE,2012,-25
Kentucky,1988,2012,0,FALSE,2012,-24
Kentucky,1989,2012,0,FALSE,2012,-23
Kentucky,1990,2012,0,FALSE,2012,-22
Kentucky,1991,2012,0,FALSE,2012,-21
Kentucky,1992,2012,0,FALSE,2012,-20
Kentucky,1993,2012,0,FALSE,2012,-19
Kentucky,1994,2012,0,FALSE,2012,-18
Kentucky,1995,2012,0,FALSE,2012,-17
Kentucky,1996,2012,0,FALSE,2012,-16
Kentucky,1997,2012,0,FALSE,2012,-15
Kentucky,1998,2012,0,FALSE,2012,-14
Kentucky,1999,2012,0,FALSE,2012,-13
Kentucky,2000,2012,0,FALSE,2012,-12
Kentucky,2001,2012,0,FALSE,2012,-11
Kentucky,2002,2012,0,FALSE,2012,-10
Kentucky,2003,2012,0,FALSE,2012,-9
Kentucky,2004,2012,1,FALSE,2012,-8
Kentucky,2005,2012,0,FALSE,2012,-7
Kentucky,2006,2012,0,FALSE,2012,-6
Kentucky,2007,2012,0,FALSE,2012,-5
Kentucky,2008,2012,0,FALSE,2012,-4
Kentucky,2009,2012,0,FALSE,2012,-3
Kentucky,2010,2012,0,FALSE,2012,-2
Kentucky,2011,2012,0,FALSE,2012,-1
Kentucky,2012,2012,0,TRUE,2012,0
Kentucky,2013,2012,0,TRUE,2012,1
Kentucky,2014,2012,0,TRUE,2012,2
Kentucky,2015,2012,0,TRUE,2012,3
Kentucky,2016,2012,0,TRUE,2012,4
Kentucky,2017,2012,0,TRUE,2012,5
Kentucky,2018,2012,0,TRUE,2012,6
Kentucky,2019,2012,0,TRUE,2012,7
Kentucky,2020,2012,0,TRUE,2012,8
Kentucky,2021,2012,0,TRUE,2012,9
Kentucky,2022,2012,0,TRUE,2012,10
Kentucky,2023,2012,1,TRUE,2012,11
Kentucky,2024,2012,0,TRUE,2012,12
Kentucky,2025,2012,0,TRUE,2012,13
Louisiana,1985,2008,0,FALSE,2008,-23
Louisiana,1986,2008,0,FALSE,2008,-22
Louisiana,1987,2008,0,FALSE,2008,-21
Louisiana,1988,2008,0,FALSE,2008,-20
Louisiana,1989,2008,0,FALSE,2008,-19
Louisiana,1990,2008,0,FALSE,2008,-18
Louisiana,1991,2008,0,FALSE,2008,-17
Louisiana,1992,2008,0,FALSE,2008,-16
Louisiana,1993,2008,0,FALSE,2008,-15
Louisiana,1994,2008,0,FALSE,2008,-14
Louisiana,1995,2008,0,FALSE,2008,-13
Louisiana,1996,2008,1,FALSE,2008,-12
Louisiana,1997,2008,0,FALSE,2008,-11
Louisiana,1998,2008,0,FALSE,2008,-10
Louisiana,1999,2008,0,FALSE,2008,-9
Louisiana,2000,2008,0,FALSE,2008,-8
Louisiana,2001,2008,0,FALSE,2008,-7
Louisiana,2002,2008,0,FALSE,2008,-6
Louisiana,2003,2008,0,FALSE,2008,-5
Louisiana,2004,2008,0,FALSE,2008,-4
Louisiana,2005,2008,0,FALSE,2008,-3
Louisiana,2006,2008,0,FALSE,2008,-2
Louisiana,2007,2008,0,FALSE,2008,-1
Louisiana,2008,2008,0,TRUE,2008,0
Louisiana,2009,2008,0,TRUE,2008,1
Louisiana,2010,2008,1,TRUE,2008,2
Louisiana,2011,2008,0,TRUE,2008,3
Louisiana,2012,2008,0,TRUE,2008,4
Louisiana,2013,2008,0,TRUE,2008,5
Louisiana,2014,2008,0,TRUE,2008,6
Louisiana,2015,2008,0,TRUE,2008,7
Louisiana,2016,2008,0,TRUE,2008,8
Louisiana,2017,2008,0,TRUE,2008,9
Louisiana,2018,2008,0,TRUE,2008,10
Louisiana,2019,2008,0,TRUE,2008,11
Louisiana,2020,2008,0,TRUE,2008,12
Louisiana,2021,2008,0,TRUE,2008,13
Louisiana,2022,2008,0,TRUE,2008,14
Louisiana,2023,2008,0,TRUE,2008,15
Louisiana,2024,2008,0,TRUE,2008,16
Louisiana,2025,2008,0,TRUE,2008,17
Maine,1985,2012,0,FALSE,2012,-27
Maine,1986,2012,0,FALSE,2012,-26
Maine,1987,2012,0,FALSE,2012,-25
Maine,1988,2012,0,FALSE,2012,-24
Maine,1989,2012,0,FALSE,2012,-23
Maine,1990,2012,0,FALSE,2012,-22
Maine,1991,2012,0,FALSE,2012,-21
Maine,1992,2012,0,FALSE,2012,-20
Maine,1993,2012,0,FALSE,2012,-19
Maine,1994,2012,0,FALSE,2012,-18
Maine,1995,2012,0,FALSE,2012,-17
Maine,1996,2012,0,FALSE,2012,-16
Maine,1997,2012,0,FALSE,2012,-15
Maine,1998,2012,0,FALSE,2012,-14
Maine,1999,2012,0,FALSE,2012,-13
Maine,2000,2012,0,FALSE,2012,-12
Maine,2001,2012,0,FALSE,2012,-11
Maine,2002,2012,0,FALSE,2012,-10
Maine,2003,2012,0,FALSE,2012,-9
Maine,2004,2012,0,FALSE,2012,-8
Maine,2005,2012,0,FALSE,2012,-7
Maine,2006,2012,0,FALSE,2012,-6
Maine,2007,2012,0,FALSE,2012,-5
Maine,2008,2012,0,FALSE,2012,-4
Maine,2009,2012,0,FALSE,2012,-3
Maine,2010,2012,0,FALSE,2012,-2
Maine,2011,2012,0,FALSE,2012,-1
Maine,2012,2012,0,TRUE,2012,0
Maine,2013,2012,0,TRUE,2012,1
Maine,2014,2012,0,TRUE,2012,2
Maine,2015,2012,0,TRUE,2012,3
Maine,2016,2012,0,TRUE,2012,4
Maine,2017,2012,0,TRUE,2012,5
Maine,2018,2012,0,TRUE,2012,6
Maine,2019,2012,0,TRUE,2012,7
Maine,2020,2012,0,TRUE,2012,8
Maine,2021,2012,0,TRUE,2012,9
Maine,2022,2012,0,TRUE,2012,10
Maine,2023,2012,0,TRUE,2012,11
Maine,2024,2012,0,TRUE,2012,12
Maine,2025,2012,0,TRUE,2012,13
Maryland,1985,2018,0,FALSE,2018,-33
Maryland,1986,2018,1,FALSE,2018,-32
Maryland,1987,2018,0,FALSE,2018,-31
Maryland,1988,2018,0,FALSE,2018,-30
Maryland,1989,2018,0,FALSE,2018,-29
Maryland,1990,2018,0,FALSE,2018,-28
Maryland,1991,2018,0,FALSE,2018,-27
Maryland,1992,2018,0,FALSE,2018,-26
Maryland,1993,2018,0,FALSE,2018,-25
Maryland,1994,2018,0,FALSE,2018,-24
Maryland,1995,2018,0,FALSE,2018,-23
Maryland,1996,2018,0,FALSE,2018,-22
Maryland,1997,2018,0,FALSE,2018,-21
Maryland,1998,2018,0,FALSE,2018,-20
Maryland,1999,2018,0,FALSE,2018,-19
Maryland,2000,2018,0,FALSE,2018,-18
Maryland,2001,2018,0,FALSE,2018,-17
Maryland,2002,2018,0,FALSE,2018,-16
Maryland,2003,2018,0,FALSE,2018,-15
Maryland,2004,2018,0,FALSE,2018,-14
Maryland,2005,2018,0,FALSE,2018,-13
Maryland,2006,2018,0,FALSE,2018,-12
Maryland,2007,2018,0,FALSE,2018,-11
Maryland,2008,2018,0,FALSE,2018,-10
Maryland,2009,2018,0,FALSE,2018,-9
Maryland,2010,2018,0,FALSE,2018,-8
Maryland,2011,2018,0,FALSE,2018,-7
Maryland,2012,2018,0,FALSE,2018,-6
Maryland,2013,2018,0,FALSE,2018,-5
Maryland,2014,2018,0,FALSE,2018,-4
Maryland,2015,2018,0,FALSE,2018,-3
Maryland,2016,2018,0,FALSE,2018,-2
Maryland,2017,2018,0,FALSE,2018,-1
Maryland,2018,2018,0,TRUE,2018,0
Maryland,2019,2018,0,TRUE,2018,1
Maryland,2020,2018,0,TRUE,2018,2
Maryland,2021,2018,0,TRUE,2018,3
Maryland,2022,2018,0,TRUE,2018,4
Maryland,2023,2018,0,TRUE,2018,5
Maryland,2024,2018,0,TRUE,2018,6
Maryland,2025,2018,0,TRUE,2018,7
Massachusetts,1985,2006,0,FALSE,2006,-21
Massachusetts,1986,2006,0,FALSE,2006,-20
Massachusetts,1987,2006,0,FALSE,2006,-19
Massachusetts,1988,2006,0,FALSE,2006,-18
Massachusetts,1989,2006,0,FALSE,2006,-17
Massachusetts,1990,2006,0,FALSE,2006,-16
Massachusetts,1991,2006,0,FALSE,2006,-15
Massachusetts,1992,2006,0,FALSE,2006,-14
Massachusetts,1993,2006,0,FALSE,2006,-13
Massachusetts,1994,2006,0,FALSE,2006,-12
Massachusetts,1995,2006,0,FALSE,2006,-11
Massachusetts,1996,2006,0,FALSE,2006,-10
Massachusetts,1997,2006,0,FALSE,2006,-9
Massachusetts,1998,2006,0,FALSE,2006,-8
Massachusetts,1999,2006,1,FALSE,2006,-7
Massachusetts,2000,2006,0,FALSE,2006,-6
Massachusetts,2001,2006,0,FALSE,2006,-5
Massachusetts,2002,2006,0,FALSE,2006,-4
Massachusetts,2003,2006,0,FALSE,2006,-3
Massachusetts,2004,2006,0,FALSE,2006,-2
Massachusetts,2005,2006,0,FALSE,2006,-1
Massachusetts,2006,2006,0,TRUE,2006,0
Massachusetts,2007,2006,0,TRUE,2006,1
Massachusetts,2008,2006,0,TRUE,2006,2
Massachusetts,2009,2006,0,TRUE,2006,3
Massachusetts,2010,2006,0,TRUE,2006,4
Massachusetts,2011,2006,0,TRUE,2006,5
Massachusetts,2012,2006,0,TRUE,2006,6
Massachusetts,2013,2006,0,TRUE,2006,7
Massachusetts,2014,2006,0,TRUE,2006,8
Massachusetts,2015,2006,0,TRUE,2006,9
Massachusetts,2016,2006,0,TRUE,2006,10
Massachusetts,2017,2006,0,TRUE,2006,11
Massachusetts,2018,2006,0,TRUE,2006,12
Massachusetts,2019,2006,0,TRUE,2006,13
Massachusetts,2020,2006,0,TRUE,2006,14
Massachusetts,2021,2006,0,TRUE,2006,15
Massachusetts,2022,2006,0,TRUE,2006,16
Massachusetts,2023,2006,0,TRUE,2006,17
Massachusetts,2024,2006,0,TRUE,2006,18
Massachusetts,2025,2006,0,TRUE,2006,19
Michigan,1985,2006,0,FALSE,2006,-21
Michigan,1986,2006,0,FALSE,2006,-20
Michigan,1987,2006,1,FALSE,2006,-19
Michigan,1988,2006,0,FALSE,2006,-18
Michigan,1989,2006,0,FALSE,2006,-17
Michigan,1990,2006,0,FALSE,2006,-16
Michigan,1991,2006,0,FALSE,2006,-15
Michigan,1992,2006,0,FALSE,2006,-14
Michigan,1993,2006,0,FALSE,2006,-13
Michigan,1994,2006,0,FALSE,2006,-12
Michigan,1995,2006,0,FALSE,2006,-11
Michigan,1996,2006,0,FALSE,2006,-10
Michigan,1997,2006,0,FALSE,2006,-9
Michigan,1998,2006,0,FALSE,2006,-8
Michigan,1999,2006,0,FALSE,2006,-7
Michigan,2000,2006,0,FALSE,2006,-6
Michigan,2001,2006,0,FALSE,2006,-5
Michigan,2002,2006,0,FALSE,2006,-4
Michigan,2003,2006,0,FALSE,2006,-3
Michigan,2004,2006,0,FALSE,2006,-2
Michigan,2005,2006,0,FALSE,2006,-1
Michigan,2006,2006,0,TRUE,2006,0
Michigan,2007,2006,0,TRUE,2006,1
Michigan,2008,2006,0,TRUE,2006,2
Michigan,2009,2006,0,TRUE,2006,3
Michigan,2010,2006,0,TRUE,2006,4
Michigan,2011,2006,0,TRUE,2006,5
Michigan,2012,2006,0,TRUE,2006,6
Michigan,2013,2006,0,TRUE,2006,7
Michigan,2014,2006,0,TRUE,2006,8
Michigan,2015,2006,0,TRUE,2006,9
Michigan,2016,2006,0,TRUE,2006,10
Michigan,2017,2006,0,TRUE,2006,11
Michigan,2018,2006,0,TRUE,2006,12
Michigan,2019,2006,0,TRUE,2006,13
Michigan,2020,2006,0,TRUE,2006,14
Michigan,2021,2006,1,TRUE,2006,15
Michigan,2022,2006,1,TRUE,2006,16
Michigan,2023,2006,0,TRUE,2006,17
Michigan,2024,2006,0,TRUE,2006,18
Michigan,2025,2006,0,TRUE,2006,19
Minnesota,1985,2015,0,FALSE,2015,-30
Minnesota,1986,2015,0,FALSE,2015,-29
Minnesota,1987,2015,0,FALSE,2015,-28
Minnesota,1988,2015,0,FALSE,2015,-27
Minnesota,1989,2015,0,FALSE,2015,-26
Minnesota,1990,2015,0,FALSE,2015,-25
Minnesota,1991,2015,0,FALSE,2015,-24
Minnesota,1992,2015,0,FALSE,2015,-23
Minnesota,1993,2015,0,FALSE,2015,-22
Minnesota,1994,2015,0,FALSE,2015,-21
Minnesota,1995,2015,0,FALSE,2015,-20
Minnesota,1996,2015,0,FALSE,2015,-19
Minnesota,1997,2015,0,FALSE,2015,-18
Minnesota,1998,2015,0,FALSE,2015,-17
Minnesota,1999,2015,0,FALSE,2015,-16
Minnesota,2000,2015,0,FALSE,2015,-15
Minnesota,2001,2015,0,FALSE,2015,-14
Minnesota,2002,2015,0,FALSE,2015,-13
Minnesota,2003,2015,0,FALSE,2015,-12
Minnesota,2004,2015,0,FALSE,2015,-11
Minnesota,2005,2015,0,FALSE,2015,-10
Minnesota,2006,2015,0,FALSE,2015,-9
Minnesota,2007,2015,0,FALSE,2015,-8
Minnesota,2008,2015,1,FALSE,2015,-7
Minnesota,2009,2015,1,FALSE,2015,-6
Minnesota,2010,2015,0,FALSE,2015,-5
Minnesota,2011,2015,0,FALSE,2015,-4
Minnesota,2012,2015,0,FALSE,2015,-3
Minnesota,2013,2015,0,FALSE,2015,-2
Minnesota,2014,2015,0,FALSE,2015,-1
Minnesota,2015,2015,0,TRUE,2015,0
Minnesota,2016,2015,0,TRUE,2015,1
Minnesota,2017,2015,0,TRUE,2015,2
Minnesota,2018,2015,0,TRUE,2015,3
Minnesota,2019,2015,0,TRUE,2015,4
Minnesota,2020,2015,0,TRUE,2015,5
Minnesota,2021,2015,0,TRUE,2015,6
Minnesota,2022,2015,0,TRUE,2015,7
Minnesota,2023,2015,0,TRUE,2015,8
Minnesota,2024,2015,0,TRUE,2015,9
Minnesota,2025,2015,0,TRUE,2015,10
Mississippi,1985,2012,0,FALSE,2012,-27
Mississippi,1986,2012,0,FALSE,2012,-26
Mississippi,1987,2012,0,FALSE,2012,-25
Mississippi,1988,2012,0,FALSE,2012,-24
Mississippi,1989,2012,0,FALSE,2012,-23
Mississippi,1990,2012,0,FALSE,2012,-22
Mississippi,1991,2012,0,FALSE,2012,-21
Mississippi,1992,2012,0,FALSE,2012,-20
Mississippi,1993,2012,0,FALSE,2012,-19
Mississippi,1994,2012,0,FALSE,2012,-18
Mississippi,1995,2012,0,FALSE,2012,-17
Mississippi,1996,2012,0,FALSE,2012,-16
Mississippi,1997,2012,0,FALSE,2012,-15
Mississippi,1998,2012,0,FALSE,2012,-14
Mississippi,1999,2012,0,FALSE,2012,-13
Mississippi,2000,2012,0,FALSE,2012,-12
Mississippi,2001,2012,0,FALSE,2012,-11
Mississippi,2002,2012,0,FALSE,2012,-10
Mississippi,2003,2012,0,FALSE,2012,-9
Mississippi,2004,2012,0,FALSE,2012,-8
Mississippi,2005,2012,0,FALSE,2012,-7
Mississippi,2006,2012,0,FALSE,2012,-6
Mississippi,2007,2012,0,FALSE,2012,-5
Mississippi,2008,2012,0,FALSE,2012,-4
Mississippi,2009,2012,0,FALSE,2012,-3
Mississippi,2010,2012,0,FALSE,2012,-2
Mississippi,2011,2012,0,FALSE,2012,-1
Mississippi,2012,2012,0,TRUE,2012,0
Mississippi,2013,2012,0,TRUE,2012,1
Mississippi,2014,2012,0,TRUE,2012,2
Mississippi,2015,2012,0,TRUE,2012,3
Mississippi,2016,2012,0,TRUE,2012,4
Mississippi,2017,2012,0,TRUE,2012,5
Mississippi,2018,2012,0,TRUE,2012,6
Mississippi,2019,2012,0,TRUE,2012,7
Mississippi,2020,2012,0,TRUE,2012,8
Mississippi,2021,2012,0,TRUE,2012,9
Mississippi,2022,2012,0,TRUE,2012,10
Mississippi,2023,2012,0,TRUE,2012,11
Mississippi,2024,2012,0,TRUE,2012,12
Mississippi,2025,2012,0,TRUE,2012,13
Missouri,1985,2010,0,FALSE,2010,-25
Missouri,1986,2010,0,FALSE,2010,-24
Missouri,1987,2010,0,FALSE,2010,-23
Missouri,1988,2010,0,FALSE,2010,-22
Missouri,1989,2010,0,FALSE,2010,-21
Missouri,1990,2010,0,FALSE,2010,-20
Missouri,1991,2010,0,FALSE,2010,-19
Missouri,1992,2010,0,FALSE,2010,-18
Missouri,1993,2010,0,FALSE,2010,-17
Missouri,1994,2010,0,FALSE,2010,-16
Missouri,1995,2010,0,FALSE,2010,-15
Missouri,1996,2010,0,FALSE,2010,-14
Missouri,1997,2010,0,FALSE,2010,-13
Missouri,1998,2010,0,FALSE,2010,-12
Missouri,1999,2010,0,FALSE,2010,-11
Missouri,2000,2010,0,FALSE,2010,-10
Missouri,2001,2010,0,FALSE,2010,-9
Missouri,2002,2010,0,FALSE,2010,-8
Missouri,2003,2010,0,FALSE,2010,-7
Missouri,2004,2010,0,FALSE,2010,-6
Missouri,2005,2010,0,FALSE,2010,-5
Missouri,2006,2010,0,FALSE,2010,-4
Missouri,2007,2010,0,FALSE,2010,-3
Missouri,2008,2010,0,FALSE,2010,-2
Missouri,2009,2010,0,FALSE,2010,-1
Missouri,2010,2010,0,TRUE,2010,0
Missouri,2011,2010,0,TRUE,2010,1
Missouri,2012,2010,0,TRUE,2010,2
Missouri,2013,2010,0,TRUE,2010,3
Missouri,2014,2010,0,TRUE,2010,4
Missouri,2015,2010,0,TRUE,2010,5
Missouri,2016,2010,0,TRUE,2010,6
Missouri,2017,2010,0,TRUE,2010,7
Missouri,2018,2010,0,TRUE,2010,8
Missouri,2019,2010,0,TRUE,2010,9
Missouri,2020,2010,0,TRUE,2010,10
Missouri,2021,2010,0,TRUE,2010,11
Missouri,2022,2010,0,TRUE,2010,12
Missouri,2023,2010,0,TRUE,2010,13
Missouri,2024,2010,0,TRUE,2010,14
Missouri,2025,2010,0,TRUE,2010,15
Montana,1985,2009,0,FALSE,2009,-24
Montana,1986,2009,0,FALSE,2009,-23
Montana,1987,2009,0,FALSE,2009,-22
Montana,1988,2009,0,FALSE,2009,-21
Montana,1989,2009,0,FALSE,2009,-20
Montana,1990,2009,0,FALSE,2009,-19
Montana,1991,2009,0,FALSE,2009,-18
Montana,1992,2009,0,FALSE,2009,-17
Montana,1993,2009,0,FALSE,2009,-16
Montana,1994,2009,0,FALSE,2009,-15
Montana,1995,2009,0,FALSE,2009,-14
Montana,1996,2009,0,FALSE,2009,-13
Montana,1997,2009,0,FALSE,2009,-12
Montana,1998,2009,0,FALSE,2009,-11
Montana,1999,2009,0,FALSE,2009,-10
Montana,2000,2009,0,FALSE,2009,-9
Montana,2001,2009,0,FALSE,2009,-8
Montana,2002,2009,0,FALSE,2009,-7
Montana,2003,2009,0,FALSE,2009,-6
Montana,2004,2009,0,FALSE,2009,-5
Montana,2005,2009,1,FALSE,2009,-4
Montana,2006,2009,0,FALSE,2009,-3
Montana,2007,2009,0,FALSE,2009,-2
Montana,2008,2009,0,FALSE,2009,-1
Montana,2009,2009,0,TRUE,2009,0
Montana,2010,2009,0,TRUE,2009,1
Montana,2011,2009,0,TRUE,2009,2
Montana,2012,2009,0,TRUE,2009,3
Montana,2013,2009,0,TRUE,2009,4
Montana,2014,2009,0,TRUE,2009,5
Montana,2015,2009,0,TRUE,2009,6
Montana,2016,2009,0,TRUE,2009,7
Montana,2017,2009,0,TRUE,2009,8
Montana,2018,2009,0,TRUE,2009,9
Montana,2019,2009,0,TRUE,2009,10
Montana,2020,2009,0,TRUE,2009,11
Montana,2021,2009,0,TRUE,2009,12
Montana,2022,2009,0,TRUE,2009,13
Montana,2023,2009,0,TRUE,2009,14
Montana,2024,2009,0,TRUE,2009,15
Montana,2025,2009,0,TRUE,2009,16
Nebraska,1985,2015,0,FALSE,2015,-30
Nebraska,1986,2015,0,FALSE,2015,-29
Nebraska,1987,2015,0,FALSE,2015,-28
Nebraska,1988,2015,0,FALSE,2015,-27
Nebraska,1989,2015,0,FALSE,2015,-26
Nebraska,1990,2015,0,FALSE,2015,-25
Nebraska,1991,2015,0,FALSE,2015,-24
Nebraska,1992,2015,0,FALSE,2015,-23
Nebraska,1993,2015,1,FALSE,2015,-22
Nebraska,1994,2015,0,FALSE,2015,-21
Nebraska,1995,2015,0,FALSE,2015,-20
Nebraska,1996,2015,0,FALSE,2015,-19
Nebraska,1997,2015,1,FALSE,2015,-18
Nebraska,1998,2015,0,FALSE,2015,-17
Nebraska,1999,2015,0,FALSE,2015,-16
Nebraska,2000,2015,0,FALSE,2015,-15
Nebraska,2001,2015,0,FALSE,2015,-14
Nebraska,2002,2015,0,FALSE,2015,-13
Nebraska,2003,2015,0,FALSE,2015,-12
Nebraska,2004,2015,0,FALSE,2015,-11
Nebraska,2005,2015,0,FALSE,2015,-10
Nebraska,2006,2015,0,FALSE,2015,-9
Nebraska,2007,2015,0,FALSE,2015,-8
Nebraska,2008,2015,0,FALSE,2015,-7
Nebraska,2009,2015,0,FALSE,2015,-6
Nebraska,2010,2015,0,FALSE,2015,-5
Nebraska,2011,2015,0,FALSE,2015,-4
Nebraska,2012,2015,0,FALSE,2015,-3
Nebraska,2013,2015,0,FALSE,2015,-2
Nebraska,2014,2015,0,FALSE,2015,-1
Nebraska,2015,2015,0,TRUE,2015,0
Nebraska,2016,2015,0,TRUE,2015,1
Nebraska,2017,2015,0,TRUE,2015,2
Nebraska,2018,2015,0,TRUE,2015,3
Nebraska,2019,2015,0,TRUE,2015,4
Nebraska,2020,2015,0,TRUE,2015,5
Nebraska,2021,2015,0,TRUE,2015,6
Nebraska,2022,2015,0,TRUE,2015,7
Nebraska,2023,2015,0,TRUE,2015,8
Nebraska,2024,2015,0,TRUE,2015,9
Nebraska,2025,2015,0,TRUE,2015,10
North Carolina,1985,2005,0,FALSE,2005,-20
North Carolina,1986,2005,0,FALSE,2005,-19
North Carolina,1987,2005,0,FALSE,2005,-18
North Carolina,1988,2005,0,FALSE,2005,-17
North Carolina,1989,2005,0,FALSE,2005,-16
North Carolina,1990,2005,0,FALSE,2005,-15
North Carolina,1991,2005,0,FALSE,2005,-14
North Carolina,1992,2005,0,FALSE,2005,-13
North Carolina,1993,2005,1,FALSE,2005,-12
North Carolina,1994,2005,0,FALSE,2005,-11
North Carolina,1995,2005,0,FALSE,2005,-10
North Carolina,1996,2005,0,FALSE,2005,-9
North Carolina,1997,2005,1,FALSE,2005,-8
North Carolina,1998,2005,0,FALSE,2005,-7
North Carolina,1999,2005,0,FALSE,2005,-6
North Carolina,2000,2005,0,FALSE,2005,-5
North Carolina,2001,2005,0,FALSE,2005,-4
North Carolina,2002,2005,0,FALSE,2005,-3
North Carolina,2003,2005,0,FALSE,2005,-2
North Carolina,2004,2005,0,FALSE,2005,-1
North Carolina,2005,2005,1,TRUE,2005,0
North Carolina,2006,2005,1,TRUE,2005,1
North Carolina,2007,2005,0,TRUE,2005,2
North Carolina,2008,2005,0,TRUE,2005,3
North Carolina,2009,2005,1,TRUE,2005,4
North Carolina,2010,2005,0,TRUE,2005,5
North Carolina,2011,2005,0,TRUE,2005,6
North Carolina,2012,2005,0,TRUE,2005,7
North Carolina,2013,2005,0,TRUE,2005,8
North Carolina,2014,2005,1,TRUE,2005,9
North Carolina,2015,2005,0,TRUE,2005,10
North Carolina,2016,2005,0,TRUE,2005,11
North Carolina,2017,2005,0,TRUE,2005,12
North Carolina,2018,2005,0,TRUE,2005,13
North Carolina,2019,2005,0,TRUE,2005,14
North Carolina,2020,2005,0,TRUE,2005,15
North Carolina,2021,2005,0,TRUE,2005,16
North Carolina,2022,2005,0,TRUE,2005,17
North Carolina,2023,2005,0,TRUE,2005,18
North Carolina,2024,2005,0,TRUE,2005,19
North Carolina,2025,2005,0,TRUE,2005,20
North Dakota,1985,2011,0,FALSE,2011,-26
North Dakota,1986,2011,0,FALSE,2011,-25
North Dakota,1987,2011,0,FALSE,2011,-24
North Dakota,1988,2011,0,FALSE,2011,-23
North Dakota,1989,2011,0,FALSE,2011,-22
North Dakota,1990,2011,0,FALSE,2011,-21
North Dakota,1991,2011,0,FALSE,2011,-20
North Dakota,1992,2011,0,FALSE,2011,-19
North Dakota,1993,2011,0,FALSE,2011,-18
North Dakota,1994,2011,0,FALSE,2011,-17
North Dakota,1995,2011,0,FALSE,2011,-16
North Dakota,1996,2011,0,FALSE,2011,-15
North Dakota,1997,2011,0,FALSE,2011,-14
North Dakota,1998,2011,0,FALSE,2011,-13
North Dakota,1999,2011,0,FALSE,2011,-12
North Dakota,2000,2011,0,FALSE,2011,-11
North Dakota,2001,2011,0,FALSE,2011,-10
North Dakota,2002,2011,0,FALSE,2011,-9
North Dakota,2003,2011,0,FALSE,2011,-8
North Dakota,2004,2011,0,FALSE,2011,-7
North Dakota,2005,2011,0,FALSE,2011,-6
North Dakota,2006,2011,0,FALSE,2011,-5
North Dakota,2007,2011,1,FALSE,2011,-4
North Dakota,2008,2011,0,FALSE,2011,-3
North Dakota,2009,2011,0,FALSE,2011,-2
North Dakota,2010,2011,0,FALSE,2011,-1
North Dakota,2011,2011,0,TRUE,2011,0
North Dakota,2012,2011,0,TRUE,2011,1
North Dakota,2013,2011,0,TRUE,2011,2
North Dakota,2014,2011,0,TRUE,2011,3
North Dakota,2015,2011,0,TRUE,2011,4
North Dakota,2016,2011,0,TRUE,2011,5
North Dakota,2017,2011,0,TRUE,2011,6
North Dakota,2018,2011,0,TRUE,2011,7
North Dakota,2019,2011,0,TRUE,2011,8
North Dakota,2020,2011,0,TRUE,2011,9
North Dakota,2021,2011,0,TRUE,2011,10
North Dakota,2022,2011,0,TRUE,2011,11
North Dakota,2023,2011,0,TRUE,2011,12
North Dakota,2024,2011,0,TRUE,2011,13
North Dakota,2025,2011,0,TRUE,2011,14
Ohio,1985,2016,0,FALSE,2016,-31
Ohio,1986,2016,0,FALSE,2016,-30
Ohio,1987,2016,0,FALSE,2016,-29
Ohio,1988,2016,0,FALSE,2016,-28
Ohio,1989,2016,0,FALSE,2016,-27
Ohio,1990,2016,0,FALSE,2016,-26
Ohio,1991,2016,0,FALSE,2016,-25
Ohio,1992,2016,0,FALSE,2016,-24
Ohio,1993,2016,0,FALSE,2016,-23
Ohio,1994,2016,0,FALSE,2016,-22
Ohio,1995,2016,0,FALSE,2016,-21
Ohio,1996,2016,0,FALSE,2016,-20
Ohio,1997,2016,0,FALSE,2016,-19
Ohio,1998,2016,0,FALSE,2016,-18
Ohio,1999,2016,0,FALSE,2016,-17
Ohio,2000,2016,0,FALSE,2016,-16
Ohio,2001,2016,0,FALSE,2016,-15
Ohio,2002,2016,0,FALSE,2016,-14
Ohio,2003,2016,0,FALSE,2016,-13
Ohio,2004,2016,0,FALSE,2016,-12
Ohio,2005,2016,0,FALSE,2016,-11
Ohio,2006,2016,0,FALSE,2016,-10
Ohio,2007,2016,0,FALSE,2016,-9
Ohio,2008,2016,0,FALSE,2016,-8
Ohio,2009,2016,0,FALSE,2016,-7
Ohio,2010,2016,0,FALSE,2016,-6
Ohio,2011,2016,0,FALSE,2016,-5
Ohio,2012,2016,0,FALSE,2016,-4
Ohio,2013,2016,0,FALSE,2016,-3
Ohio,2014,2016,0,FALSE,2016,-2
Ohio,2015,2016,0,FALSE,2016,-1
Ohio,2016,2016,0,TRUE,2016,0
Ohio,2017,2016,0,TRUE,2016,1
Ohio,2018,2016,0,TRUE,2016,2
Ohio,2019,2016,0,TRUE,2016,3
Ohio,2020,2016,0,TRUE,2016,4
Ohio,2021,2016,0,TRUE,2016,5
Ohio,2022,2016,0,TRUE,2016,6
Ohio,2023,2016,0,TRUE,2016,7
Ohio,2024,2016,0,TRUE,2016,8
Ohio,2025,2016,0,TRUE,2016,9
Oklahoma,1985,2004,0,FALSE,2004,-19
Oklahoma,1986,2004,0,FALSE,2004,-18
Oklahoma,1987,2004,0,FALSE,2004,-17
Oklahoma,1988,2004,0,FALSE,2004,-16
Oklahoma,1989,2004,0,FALSE,2004,-15
Oklahoma,1990,2004,0,FALSE,2004,-14
Oklahoma,1991,2004,0,FALSE,2004,-13
Oklahoma,1992,2004,0,FALSE,2004,-12
Oklahoma,1993,2004,0,FALSE,2004,-11
Oklahoma,1994,2004,0,FALSE,2004,-10
Oklahoma,1995,2004,0,FALSE,2004,-9
Oklahoma,1996,2004,0,FALSE,2004,-8
Oklahoma,1997,2004,0,FALSE,2004,-7
Oklahoma,1998,2004,0,FALSE,2004,-6
Oklahoma,1999,2004,0,FALSE,2004,-5
Oklahoma,2000,2004,0,FALSE,2004,-4
Oklahoma,2001,2004,0,FALSE,2004,-3
Oklahoma,2002,2004,0,FALSE,2004,-2
Oklahoma,2003,2004,0,FALSE,2004,-1
Oklahoma,2004,2004,0,TRUE,2004,0
Oklahoma,2005,2004,0,TRUE,2004,1
Oklahoma,2006,2004,0,TRUE,2004,2
Oklahoma,2007,2004,0,TRUE,2004,3
Oklahoma,2008,2004,0,TRUE,2004,4
Oklahoma,2009,2004,0,TRUE,2004,5
Oklahoma,2010,2004,0,TRUE,2004,6
Oklahoma,2011,2004,0,TRUE,2004,7
Oklahoma,2012,2004,0,TRUE,2004,8
Oklahoma,2013,2004,0,TRUE,2004,9
Oklahoma,2014,2004,0,TRUE,2004,10
Oklahoma,2015,2004,0,TRUE,2004,11
Oklahoma,2016,2004,0,TRUE,2004,12
Oklahoma,2017,2004,0,TRUE,2004,13
Oklahoma,2018,2004,0,TRUE,2004,14
Oklahoma,2019,2004,0,TRUE,2004,15
Oklahoma,2020,2004,0,TRUE,2004,16
Oklahoma,2021,2004,0,TRUE,2004,17
Oklahoma,2022,2004,0,TRUE,2004,18
Oklahoma,2023,2004,0,TRUE,2004,19
Oklahoma,2024,2004,0,TRUE,2004,20
Oklahoma,2025,2004,0,TRUE,2004,21
Oregon,1985,2015,0,FALSE,2015,-30
Oregon,1986,2015,0,FALSE,2015,-29
Oregon,1987,2015,0,FALSE,2015,-28
Oregon,1988,2015,0,FALSE,2015,-27
Oregon,1989,2015,0,FALSE,2015,-26
Oregon,1990,2015,0,FALSE,2015,-25
Oregon,1991,2015,0,FALSE,2015,-24
Oregon,1992,2015,0,FALSE,2015,-23
Oregon,1993,2015,0,FALSE,2015,-22
Oregon,1994,2015,0,FALSE,2015,-21
Oregon,1995,2015,0,FALSE,2015,-20
Oregon,1996,2015,0,FALSE,2015,-19
Oregon,1997,2015,0,FALSE,2015,-18
Oregon,1998,2015,0,FALSE,2015,-17
Oregon,1999,2015,0,FALSE,2015,-16
Oregon,2000,2015,0,FALSE,2015,-15
Oregon,2001,2015,0,FALSE,2015,-14
Oregon,2002,2015,0,FALSE,2015,-13
Oregon,2003,2015,0,FALSE,2015,-12
Oregon,2004,2015,0,FALSE,2015,-11
Oregon,2005,2015,0,FALSE,2015,-10
Oregon,2006,2015,0,FALSE,2015,-9
Oregon,2007,2015,0,FALSE,2015,-8
Oregon,2008,2015,0,FALSE,2015,-7
Oregon,2009,2015,0,FALSE,2015,-6
Oregon,2010,2015,0,FALSE,2015,-5
Oregon,2011,2015,0,FALSE,2015,-4
Oregon,2012,2015,0,FALSE,2015,-3
Oregon,2013,2015,0,FALSE,2015,-2
Oregon,2014,2015,0,FALSE,2015,-1
Oregon,2015,2015,0,TRUE,2015,0
Oregon,2016,2015,0,TRUE,2015,1
Oregon,2017,2015,0,TRUE,2015,2
Oregon,2018,2015,0,TRUE,2015,3
Oregon,2019,2015,0,TRUE,2015,4
Oregon,2020,2015,0,TRUE,2015,5
Oregon,2021,2015,0,TRUE,2015,6
Oregon,2022,2015,0,TRUE,2015,7
Oregon,2023,2015,0,TRUE,2015,8
Oregon,2024,2015,0,TRUE,2015,9
Oregon,2025,2015,0,TRUE,2015,10
South Carolina,1985,2010,0,FALSE,2010,-25
South Carolina,1986,2010,0,FALSE,2010,-24
South Carolina,1987,2010,0,FALSE,2010,-23
South Carolina,1988,2010,0,FALSE,2010,-22
South Carolina,1989,2010,0,FALSE,2010,-21
South Carolina,1990,2010,0,FALSE,2010,-20
South Carolina,1991,2010,0,FALSE,2010,-19
South Carolina,1992,2010,0,FALSE,2010,-18
South Carolina,1993,2010,0,FALSE,2010,-17
South Carolina,1994,2010,0,FALSE,2010,-16
South Carolina,1995,2010,0,FALSE,2010,-15
South Carolina,1996,2010,0,FALSE,2010,-14
South Carolina,1997,2010,0,FALSE,2010,-13
South Carolina,1998,2010,0,FALSE,2010,-12
South Carolina,1999,2010,0,FALSE,2010,-11
South Carolina,2000,2010,0,FALSE,2010,-10
South Carolina,2001,2010,0,FALSE,2010,-9
South Carolina,2002,2010,0,FALSE,2010,-8
South Carolina,2003,2010,0,FALSE,2010,-7
South Carolina,2004,2010,0,FALSE,2010,-6
South Carolina,2005,2010,0,FALSE,2010,-5
South Carolina,2006,2010,0,FALSE,2010,-4
South Carolina,2007,2010,0,FALSE,2010,-3
South Carolina,2008,2010,0,FALSE,2010,-2
South Carolina,2009,2010,0,FALSE,2010,-1
South Carolina,2010,2010,0,TRUE,2010,0
South Carolina,2011,2010,0,TRUE,2010,1
South Carolina,2012,2010,0,TRUE,2010,2
South Carolina,2013,2010,0,TRUE,2010,3
South Carolina,2014,2010,0,TRUE,2010,4
South Carolina,2015,2010,0,TRUE,2010,5
South Carolina,2016,2010,0,TRUE,2010,6
South Carolina,2017,2010,0,TRUE,2010,7
South Carolina,2018,2010,0,TRUE,2010,8
South Carolina,2019,2010,0,TRUE,2010,9
South Carolina,2020,2010,0,TRUE,2010,10
South Carolina,2021,2010,0,TRUE,2010,11
South Carolina,2022,2010,0,TRUE,2010,12
South Carolina,2023,2010,0,TRUE,2010,13
South Carolina,2024,2010,0,TRUE,2010,14
South Carolina,2025,2010,0,TRUE,2010,15
South Dakota,1985,2010,0,FALSE,2010,-25
South Dakota,1986,2010,0,FALSE,2010,-24
South Dakota,1987,2010,0,FALSE,2010,-23
South Dakota,1988,2010,0,FALSE,2010,-22
South Dakota,1989,2010,0,FALSE,2010,-21
South Dakota,1990,2010,0,FALSE,2010,-20
South Dakota,1991,2010,0,FALSE,2010,-19
South Dakota,1992,2010,0,FALSE,2010,-18
South Dakota,1993,2010,0,FALSE,2010,-17
South Dakota,1994,2010,0,FALSE,2010,-16
South Dakota,1995,2010,0,FALSE,2010,-15
South Dakota,1996,2010,0,FALSE,2010,-14
South Dakota,1997,2010,0,FALSE,2010,-13
South Dakota,1998,2010,0,FALSE,2010,-12
South Dakota,1999,2010,0,FALSE,2010,-11
South Dakota,2000,2010,0,FALSE,2010,-10
South Dakota,2001,2010,0,FALSE,2010,-9
South Dakota,2002,2010,0,FALSE,2010,-8
South Dakota,2003,2010,0,FALSE,2010,-7
South Dakota,2004,2010,0,FALSE,2010,-6
South Dakota,2005,2010,0,FALSE,2010,-5
South Dakota,2006,2010,0,FALSE,2010,-4
South Dakota,2007,2010,0,FALSE,2010,-3
South Dakota,2008,2010,0,FALSE,2010,-2
South Dakota,2009,2010,0,FALSE,2010,-1
South Dakota,2010,2010,0,TRUE,2010,0
South Dakota,2011,2010,0,TRUE,2010,1
South Dakota,2012,2010,0,TRUE,2010,2
South Dakota,2013,2010,0,TRUE,2010,3
South Dakota,2014,2010,0,TRUE,2010,4
South Dakota,2015,2010,0,TRUE,2010,5
South Dakota,2016,2010,0,TRUE,2010,6
South Dakota,2017,2010,0,TRUE,2010,7
South Dakota,2018,2010,0,TRUE,2010,8
South Dakota,2019,2010,0,TRUE,2010,9
South Dakota,2020,2010,0,TRUE,2010,10
South Dakota,2021,2010,0,TRUE,2010,11
South Dakota,2022,2010,0,TRUE,2010,12
South Dakota,2023,2010,0,TRUE,2010,13
South Dakota,2024,2010,0,TRUE,2010,14
South Dakota,2025,2010,0,TRUE,2010,15
Tennessee,1985,2009,0,FALSE,2009,-24
Tennessee,1986,2009,0,FALSE,2009,-23
Tennessee,1987,2009,0,FALSE,2009,-22
Tennessee,1988,2009,0,FALSE,2009,-21
Tennessee,1989,2009,0,FALSE,2009,-20
Tennessee,1990,2009,0,FALSE,2009,-19
Tennessee,1991,2009,0,FALSE,2009,-18
Tennessee,1992,2009,0,FALSE,2009,-17
Tennessee,1993,2009,0,FALSE,2009,-16
Tennessee,1994,2009,0,FALSE,2009,-15
Tennessee,1995,2009,0,FALSE,2009,-14
Tennessee,1996,2009,0,FALSE,2009,-13
Tennessee,1997,2009,0,FALSE,2009,-12
Tennessee,1998,2009,0,FALSE,2009,-11
Tennessee,1999,2009,0,FALSE,2009,-10
Tennessee,2000,2009,0,FALSE,2009,-9
Tennessee,2001,2009,1,FALSE,2009,-8
Tennessee,2002,2009,0,FALSE,2009,-7
Tennessee,2003,2009,0,FALSE,2009,-6
Tennessee,2004,2009,0,FALSE,2009,-5
Tennessee,2005,2009,1,FALSE,2009,-4
Tennessee,2006,2009,0,FALSE,2009,-3
Tennessee,2007,2009,0,FALSE,2009,-2
Tennessee,2008,2009,0,FALSE,2009,-1
Tennessee,2009,2009,0,TRUE,2009,0
Tennessee,2010,2009,0,TRUE,2009,1
Tennessee,2011,2009,0,TRUE,2009,2
Tennessee,2012,2009,0,TRUE,2009,3
Tennessee,2013,2009,0,TRUE,2009,4
Tennessee,2014,2009,0,TRUE,2009,5
Tennessee,2015,2009,0,TRUE,2009,6
Tennessee,2016,2009,0,TRUE,2009,7
Tennessee,2017,2009,0,TRUE,2009,8
Tennessee,2018,2009,1,TRUE,2009,9
Tennessee,2019,2009,0,TRUE,2009,10
Tennessee,2020,2009,0,TRUE,2009,11
Tennessee,2021,2009,0,TRUE,2009,12
Tennessee,2022,2009,0,TRUE,2009,13
Tennessee,2023,2009,0,TRUE,2009,14
Tennessee,2024,2009,0,TRUE,2009,15
Tennessee,2025,2009,0,TRUE,2009,16
Texas,1985,2015,0,FALSE,2015,-30
Texas,1986,2015,0,FALSE,2015,-29
Texas,1987,2015,0,FALSE,2015,-28
Texas,1988,2015,0,FALSE,2015,-27
Texas,1989,2015,0,FALSE,2015,-26
Texas,1990,2015,0,FALSE,2015,-25
Texas,1991,2015,0,FALSE,2015,-24
Texas,1992,2015,0,FALSE,2015,-23
Texas,1993,2015,0,FALSE,2015,-22
Texas,1994,2015,0,FALSE,2015,-21
Texas,1995,2015,0,FALSE,2015,-20
Texas,1996,2015,0,FALSE,2015,-19
Texas,1997,2015,0,FALSE,2015,-18
Texas,1998,2015,0,FALSE,2015,-17
Texas,1999,2015,0,FALSE,2015,-16
Texas,2000,2015,0,FALSE,2015,-15
Texas,2001,2015,0,FALSE,2015,-14
Texas,2002,2015,0,FALSE,2015,-13
Texas,2003,2015,0,FALSE,2015,-12
Texas,2004,2015,0,FALSE,2015,-11
Texas,2005,2015,0,FALSE,2015,-10
Texas,2006,2015,0,FALSE,2015,-9
Texas,2007,2015,1,FALSE,2015,-8
Texas,2008,2015,0,FALSE,2015,-7
Texas,2009,2015,0,FALSE,2015,-6
Texas,2010,2015,0,FALSE,2015,-5
Texas,2011,2015,1,FALSE,2015,-4
Texas,2012,2015,0,FALSE,2015,-3
Texas,2013,2015,0,FALSE,2015,-2
Texas,2014,2015,0,FALSE,2015,-1
Texas,2015,2015,0,TRUE,2015,0
Texas,2016,2015,0,TRUE,2015,1
Texas,2017,2015,0,TRUE,2015,2
Texas,2018,2015,0,TRUE,2015,3
Texas,2019,2015,0,TRUE,2015,4
Texas,2020,2015,0,TRUE,2015,5
Texas,2021,2015,0,TRUE,2015,6
Texas,2022,2015,0,TRUE,2015,7
Texas,2023,2015,0,TRUE,2015,8
Texas,2024,2015,0,TRUE,2015,9
Texas,2025,2015,0,TRUE,2015,10
Utah,1985,2008,0,FALSE,2008,-23
Utah,1986,2008,0,FALSE,2008,-22
Utah,1987,2008,0,FALSE,2008,-21
Utah,1988,2008,0,FALSE,2008,-20
Utah,1989,2008,0,FALSE,2008,-19
Utah,1990,2008,0,FALSE,2008,-18
Utah,1991,2008,0,FALSE,2008,-17
Utah,1992,2008,0,FALSE,2008,-16
Utah,1993,2008,0,FALSE,2008,-15
Utah,1994,2008,0,FALSE,2008,-14
Utah,1995,2008,0,FALSE,2008,-13
Utah,1996,2008,0,FALSE,2008,-12
Utah,1997,2008,0,FALSE,2008,-11
Utah,1998,2008,0,FALSE,2008,-10
Utah,1999,2008,0,FALSE,2008,-9
Utah,2000,2008,0,FALSE,2008,-8
Utah,2001,2008,0,FALSE,2008,-7
Utah,2002,2008,0,FALSE,2008,-6
Utah,2003,2008,0,FALSE,2008,-5
Utah,2004,2008,0,FALSE,2008,-4
Utah,2005,2008,0,FALSE,2008,-3
Utah,2006,2008,0,FALSE,2008,-2
Utah,2007,2008,0,FALSE,2008,-1
Utah,2008,2008,0,TRUE,2008,0
Utah,2009,2008,0,TRUE,2008,1
Utah,2010,2008,0,TRUE,2008,2
Utah,2011,2008,0,TRUE,2008,3
Utah,2012,2008,0,TRUE,2008,4
Utah,2013,2008,0,TRUE,2008,5
Utah,2014,2008,0,TRUE,2008,6
Utah,2015,2008,0,TRUE,2008,7
Utah,2016,2008,0,TRUE,2008,8
Utah,2017,2008,0,TRUE,2008,9
Utah,2018,2008,0,TRUE,2008,10
Utah,2019,2008,0,TRUE,2008,11
Utah,2020,2008,0,TRUE,2008,12
Utah,2021,2008,0,TRUE,2008,13
Utah,2022,2008,0,TRUE,2008,14
Utah,2023,2008,0,TRUE,2008,15
Utah,2024,2008,0,TRUE,2008,16
Utah,2025,2008,0,TRUE,2008,17
Virginia,1985,2006,0,FALSE,2006,-21
Virginia,1986,2006,0,FALSE,2006,-20
Virginia,1987,2006,0,FALSE,2006,-19
Virginia,1988,2006,0,FALSE,2006,-18
Virginia,1989,2006,0,FALSE,2006,-17
Virginia,1990,2006,0,FALSE,2006,-16
Virginia,1991,2006,0,FALSE,2006,-15
Virginia,1992,2006,0,FALSE,2006,-14
Virginia,1993,2006,0,FALSE,2006,-13
Virginia,1994,2006,0,FALSE,2006,-12
Virginia,1995,2006,0,FALSE,2006,-11
Virginia,1996,2006,0,FALSE,2006,-10
Virginia,1997,2006,0,FALSE,2006,-9
Virginia,1998,2006,0,FALSE,2006,-8
Virginia,1999,2006,0,FALSE,2006,-7
Virginia,2000,2006,0,FALSE,2006,-6
Virginia,2001,2006,0,FALSE,2006,-5
Virginia,2002,2006,0,FALSE,2006,-4
Virginia,2003,2006,0,FALSE,2006,-3
Virginia,2004,2006,0,FALSE,2006,-2
Virginia,2005,2006,0,FALSE,2006,-1
Virginia,2006,2006,0,TRUE,2006,0
Virginia,2007,2006,0,TRUE,2006,1
Virginia,2008,2006,0,TRUE,2006,2
Virginia,2009,2006,0,TRUE,2006,3
Virginia,2010,2006,0,TRUE,2006,4
Virginia,2011,2006,0,TRUE,2006,5
Virginia,2012,2006,0,TRUE,2006,6
Virginia,2013,2006,0,TRUE,2006,7
Virginia,2014,2006,0,TRUE,2006,8
Virginia,2015,2006,0,TRUE,2006,9
Virginia,2016,2006,0,TRUE,2006,10
Virginia,2017,2006,0,TRUE,2006,11
Virginia,2018,2006,0,TRUE,2006,12
Virginia,2019,2006,0,TRUE,2006,13
Virginia,2020,2006,0,TRUE,2006,14
Virginia,2021,2006,0,TRUE,2006,15
Virginia,2022,2006,0,TRUE,2006,16
Virginia,2023,2006,0,TRUE,2006,17
Virginia,2024,2006,0,TRUE,2006,18
Virginia,2025,2006,0,TRUE,2006,19
Washington,1985,2017,0,FALSE,2017,-32
Washington,1986,2017,0,FALSE,2017,-31
Washington,1987,2017,0,FALSE,2017,-30
Washington,1988,2017,0,FALSE,2017,-29
Washington,1989,2017,0,FALSE,2017,-28
Washington,1990,2017,0,FALSE,2017,-27
Washington,1991,2017,0,FALSE,2017,-26
Washington,1992,2017,0,FALSE,2017,-25
Washington,1993,2017,0,FALSE,2017,-24
Washington,1994,2017,0,FALSE,2017,-23
Washington,1995,2017,0,FALSE,2017,-22
Washington,1996,2017,0,FALSE,2017,-21
Washington,1997,2017,0,FALSE,2017,-20
Washington,1998,2017,0,FALSE,2017,-19
Washington,1999,2017,0,FALSE,2017,-18
Washington,2000,2017,0,FALSE,2017,-17
Washington,2001,2017,0,FALSE,2017,-16
Washington,2002,2017,0,FALSE,2017,-15
Washington,2003,2017,0,FALSE,2017,-14
Washington,2004,2017,0,FALSE,2017,-13
Washington,2005,2017,0,FALSE,2017,-12
Washington,2006,2017,0,FALSE,2017,-11
Washington,2007,2017,0,FALSE,2017,-10
Washington,2008,2017,0,FALSE,2017,-9
Washington,2009,2017,0,FALSE,2017,-8
Washington,2010,2017,0,FALSE,2017,-7
Washington,2011,2017,0,FALSE,2017,-6
Washington,2012,2017,0,FALSE,2017,-5
Washington,2013,2017,0,FALSE,2017,-4
Washington,2014,2017,0,FALSE,2017,-3
Washington,2015,2017,0,FALSE,2017,-2
Washington,2016,2017,0,FALSE,2017,-1
Washington,2017,2017,0,TRUE,2017,0
Washington,2018,2017,0,TRUE,2017,1
Washington,2019,2017,0,TRUE,2017,2
Washington,2020,2017,0,TRUE,2017,3
Washington,2021,2017,0,TRUE,2017,4
Washington,2022,2017,0,TRUE,2017,5
Washington,2023,2017,1,TRUE,2017,6
Washington,2024,2017,0,TRUE,2017,7
Washington,2025,2017,0,TRUE,2017,8
West Virginia,1985,2018,0,FALSE,2018,-33
West Virginia,1986,2018,0,FALSE,2018,-32
West Virginia,1987,2018,0,FALSE,2018,-31
West Virginia,1988,2018,0,FALSE,2018,-30
West Virginia,1989,2018,0,FALSE,2018,-29
West Virginia,1990,2018,0,FALSE,2018,-28
West Virginia,1991,2018,0,FALSE,2018,-27
West Virginia,1992,2018,0,FALSE,2018,-26
West Virginia,1993,2018,0,FALSE,2018,-25
West Virginia,1994,2018,0,FALSE,2018,-24
West Virginia,1995,2018,0,FALSE,2018,-23
West Virginia,1996,2018,0,FALSE,2018,-22
West Virginia,1997,2018,0,FALSE,2018,-21
West Virginia,1998,2018,0,FALSE,2018,-20
West Virginia,1999,2018,0,FALSE,2018,-19
West Virginia,2000,2018,0,FALSE,2018,-18
West Virginia,2001,2018,0,FALSE,2018,-17
West Virginia,2002,2018,0,FALSE,2018,-16
West Virginia,2003,2018,0,FALSE,2018,-15
West Virginia,2004,2018,0,FALSE,2018,-14
West Virginia,2005,2018,0,FALSE,2018,-13
West Virginia,2006,2018,0,FALSE,2018,-12
West Virginia,2007,2018,0,FALSE,2018,-11
West Virginia,2008,2018,0,FALSE,2018,-10
West Virginia,2009,2018,0,FALSE,2018,-9
West Virginia,2010,2018,0,FALSE,2018,-8
West Virginia,2011,2018,0,FALSE,2018,-7
West Virginia,2012,2018,0,FALSE,2018,-6
West Virginia,2013,2018,0,FALSE,2018,-5
West Virginia,2014,2018,0,FALSE,2018,-4
West Virginia,2015,2018,0,FALSE,2018,-3
West Virginia,2016,2018,0,FALSE,2018,-2
West Virginia,2017,2018,0,FALSE,2018,-1
West Virginia,2018,2018,0,TRUE,2018,0
West Virginia,2019,2018,0,TRUE,2018,1
West Virginia,2020,2018,0,TRUE,2018,2
West Virginia,2021,2018,0,TRUE,2018,3
West Virginia,2022,2018,0,TRUE,2018,4
West Virginia,2023,2018,0,TRUE,2018,5
West Virginia,2024,2018,0,TRUE,2018,6
West Virginia,2025,2018,0,TRUE,2018,7
Wisconsin,1985,2014,0,FALSE,2014,-29
Wisconsin,1986,2014,0,FALSE,2014,-28
Wisconsin,1987,2014,0,FALSE,2014,-27
Wisconsin,1988,2014,1,FALSE,2014,-26
Wisconsin,1989,2014,0,FALSE,2014,-25
Wisconsin,1990,2014,0,FALSE,2014,-24
Wisconsin,1991,2014,1,FALSE,2014,-23
Wisconsin,1992,2014,0,FALSE,2014,-22
Wisconsin,1993,2014,0,FALSE,2014,-21
Wisconsin,1994,2014,0,FALSE,2014,-20
Wisconsin,1995,2014,0,FALSE,2014,-19
Wisconsin,1996,2014,0,FALSE,2014,-18
Wisconsin,1997,2014,0,FALSE,2014,-17
Wisconsin,1998,2014,0,FALSE,2014,-16
Wisconsin,1999,2014,0,FALSE,2014,-15
Wisconsin,2000,2014,0,FALSE,2014,-14
Wisconsin,2001,2014,0,FALSE,2014,-13
Wisconsin,2002,2014,0,FALSE,2014,-12
Wisconsin,2003,2014,0,FALSE,2014,-11
Wisconsin,2004,2014,0,FALSE,2014,-10
Wisconsin,2005,2014,0,FALSE,2014,-9
Wisconsin,2006,2014,0,FALSE,2014,-8
Wisconsin,2007,2014,0,FALSE,2014,-7
Wisconsin,2008,2014,0,FALSE,2014,-6
Wisconsin,2009,2014,0,FALSE,2014,-5
Wisconsin,2010,2014,0,FALSE,2014,-4
Wisconsin,2011,2014,0,FALSE,2014,-3
Wisconsin,2012,2014,0,FALSE,2014,-2
Wisconsin,2013,2014,0,FALSE,2014,-1
Wisconsin,2014,2014,0,TRUE,2014,0
Wisconsin,2015,2014,0,TRUE,2014,1
Wisconsin,2016,2014,0,TRUE,2014,2
Wisconsin,2017,2014,0,TRUE,2014,3
Wisconsin,2018,2014,0,TRUE,2014,4
Wisconsin,2019,2014,0,TRUE,2014,5
Wisconsin,2020,2014,0,TRUE,2014,6
Wisconsin,2021,2014,0,TRUE,2014,7
Wisconsin,2022,2014,0,TRUE,2014,8
Wisconsin,2023,2014,0,TRUE,2014,9
Wisconsin,2024,2014,0,TRUE,2014,10
Wisconsin,2025,2014,0,TRUE,2014,11
